DATETIME,REGION,FUEL_TYPE,NET_P,TEMP_now,WIND_now,W_CODE_now,TEMP_future_12h,WIND_future_12h,W_CODE_future_12h
2025-07-09 00:10:00,South,太陽能(Solar),0.0,26.75,2.0,18.0,26.75,4.0,18.0
2025-07-09 09:30:00,South,太陽能(Solar),108.614,29.5,3.75,18.0,26.75,4.0,18.0
2025-07-09 09:40:00,South,太陽能(Solar),140.198,29.5,3.75,18.0,26.75,4.0,18.0
2025-07-09 09:50:00,South,太陽能(Solar),160.502,29.5,3.75,18.0,26.75,4.0,18.0
2025-07-09 10:00:00,South,太陽能(Solar),169.798,29.5,3.75,18.0,26.75,4.0,18.0
2025-07-09 10:10:00,South,太陽能(Solar),142.694,29.5,3.75,18.0,26.75,4.0,18.0
2025-07-09 10:20:00,South,太陽能(Solar),142.34199999999998,29.5,3.75,18.0,26.75,4.0,18.0
2025-07-09 10:30:00,South,太陽能(Solar),156.31799999999998,29.5,3.75,18.0,26.75,4.0,18.0
2025-07-09 10:40:00,South,太陽能(Solar),165.278,29.5,3.75,18.0,26.75,4.0,18.0
2025-07-09 10:50:00,South,太陽能(Solar),155.278,29.5,3.75,18.0,26.75,4.0,18.0
2025-07-09 11:00:00,South,太陽能(Solar),161.846,29.5,3.75,18.0,26.75,4.0,18.0
2025-07-09 11:10:00,South,太陽能(Solar),155.022,29.5,3.75,18.0,26.75,4.0,18.0
2025-07-09 11:20:00,South,太陽能(Solar),157.918,29.5,3.75,18.0,26.75,4.0,18.0
2025-07-09 11:30:00,South,太陽能(Solar),167.23,29.5,3.75,18.0,26.75,4.0,18.0
2025-07-09 11:40:00,South,太陽能(Solar),188.942,29.5,3.75,18.0,26.75,4.0,18.0
2025-07-09 11:50:00,South,太陽能(Solar),214.19,29.5,3.75,18.0,26.75,4.0,18.0
2025-07-09 12:00:00,South,太陽能(Solar),221.262,29.5,3.75,18.0,26.75,4.0,18.0
2025-07-09 12:10:00,South,太陽能(Solar),277.326,26.75,4.0,18.0,27.75,3.5,18.0
2025-07-09 12:20:00,South,太陽能(Solar),323.598,26.75,4.0,18.0,27.75,3.5,18.0
2025-07-09 12:30:00,South,太陽能(Solar),331.158,26.75,4.0,18.0,27.75,3.5,18.0
2025-07-09 12:40:00,South,太陽能(Solar),326.422,26.75,4.0,18.0,27.75,3.5,18.0
2025-07-09 12:50:00,South,太陽能(Solar),309.654,26.75,4.0,18.0,27.75,3.5,18.0
2025-07-09 13:00:00,South,太陽能(Solar),293.75,26.75,4.0,18.0,27.75,3.5,18.0
2025-07-09 13:10:00,South,太陽能(Solar),299.19,26.75,4.0,18.0,27.75,3.5,18.0
2025-07-09 13:20:00,South,太陽能(Solar),292.27,26.75,4.0,18.0,27.75,3.5,18.0
2025-07-09 13:30:00,South,太陽能(Solar),266.19,26.75,4.0,18.0,27.75,3.5,18.0
2025-07-09 13:40:00,South,太陽能(Solar),268.39,26.75,4.0,18.0,27.75,3.5,18.0
2025-07-09 13:50:00,South,太陽能(Solar),271.726,26.75,4.0,18.0,27.75,3.5,18.0
2025-07-09 14:00:00,South,太陽能(Solar),260.814,28.5,7.0,18.0,27.5,6.25,18.0
2025-07-09 14:10:00,South,太陽能(Solar),266.038,28.5,7.0,18.0,27.5,6.25,18.0
2025-07-09 14:20:00,South,太陽能(Solar),267.71,28.5,7.0,18.0,27.5,6.25,18.0
2025-07-09 14:30:00,South,太陽能(Solar),259.486,28.5,7.0,18.0,27.5,6.25,18.0
2025-07-09 14:40:00,South,太陽能(Solar),237.544,28.5,7.0,18.0,27.5,6.25,18.0
2025-07-09 14:50:00,South,太陽能(Solar),241.806,28.5,7.0,18.0,27.5,6.25,18.0
2025-07-09 15:00:00,South,太陽能(Solar),223.3,28.5,7.0,18.0,27.5,6.25,18.0
2025-07-09 15:10:00,South,太陽能(Solar),174.578,26.75,6.0,18.0,27.5,6.25,18.0
2025-07-09 15:20:00,South,太陽能(Solar),171.87099999999998,26.75,6.0,18.0,27.5,6.25,18.0
2025-07-09 15:30:00,South,太陽能(Solar),187.934,26.75,6.0,18.0,27.5,6.25,18.0
2025-07-09 15:40:00,South,太陽能(Solar),170.926,26.75,6.0,18.0,27.5,6.25,18.0
2025-07-09 15:50:00,South,太陽能(Solar),146.158,26.75,6.0,18.0,27.5,6.25,18.0
2025-07-09 16:00:00,South,太陽能(Solar),127.934,26.75,6.0,18.0,27.5,6.25,18.0
2025-07-09 16:10:00,South,太陽能(Solar),107.104,26.75,6.0,18.0,27.5,6.25,18.0
2025-07-09 16:20:00,South,太陽能(Solar),114.906,26.75,6.0,18.0,27.5,6.25,18.0
2025-07-09 16:30:00,South,太陽能(Solar),110.044,26.75,6.0,18.0,27.5,6.25,18.0
2025-07-09 16:40:00,South,太陽能(Solar),111.15,26.75,6.0,18.0,27.5,6.25,18.0
2025-07-09 16:50:00,South,太陽能(Solar),104.856,26.75,6.0,18.0,27.5,6.25,18.0
2025-07-09 17:00:00,South,太陽能(Solar),78.044,26.75,6.0,18.0,27.5,6.25,18.0
2025-07-09 17:10:00,South,太陽能(Solar),58.952,26.75,6.0,18.0,27.5,6.25,18.0
2025-07-09 17:20:00,South,太陽能(Solar),50.614,26.75,6.0,18.0,27.5,6.25,18.0
2025-07-09 17:30:00,South,太陽能(Solar),45.776,26.75,6.0,18.0,27.5,6.25,18.0
2025-07-09 17:40:00,South,太陽能(Solar),44.118,26.75,6.0,18.0,27.5,6.25,18.0
2025-07-09 17:50:00,South,太陽能(Solar),40.316,26.75,6.0,18.0,27.5,6.25,18.0
2025-07-09 18:00:00,South,太陽能(Solar),36.802,26.75,6.0,18.0,27.5,6.25,18.0
2025-07-09 18:10:00,South,太陽能(Solar),31.919,26.75,6.0,18.0,27.5,6.25,18.0
2025-07-09 18:20:00,South,太陽能(Solar),22.742,26.75,6.0,18.0,27.5,6.25,18.0
2025-07-09 18:30:00,South,太陽能(Solar),17.982,26.75,6.0,18.0,27.5,6.25,18.0
2025-07-09 18:40:00,South,太陽能(Solar),16.525,26.75,6.0,18.0,27.5,6.25,18.0
2025-07-09 18:50:00,South,太陽能(Solar),15.4,26.75,6.0,18.0,27.5,6.25,18.0
2025-07-09 19:00:00,South,太陽能(Solar),0.0,26.75,6.0,18.0,27.5,6.25,18.0
2025-07-09 19:10:00,South,太陽能(Solar),0.0,26.75,6.0,18.0,27.5,6.25,18.0
2025-07-09 19:20:00,South,太陽能(Solar),0.0,26.75,6.0,18.0,27.5,6.25,18.0
2025-07-09 19:30:00,South,太陽能(Solar),0.0,26.75,6.0,18.0,27.5,6.25,18.0
2025-07-09 19:40:00,South,太陽能(Solar),0.0,26.75,6.0,18.0,27.5,6.25,18.0
2025-07-09 19:50:00,South,太陽能(Solar),0.0,26.75,6.0,18.0,27.5,6.25,18.0
2025-07-09 20:00:00,South,太陽能(Solar),0.0,26.75,4.75,18.0,26.75,5.25,18.0
2025-07-09 20:10:00,South,太陽能(Solar),0.0,26.75,4.75,18.0,26.75,5.25,18.0
2025-07-09 20:20:00,South,太陽能(Solar),0.0,26.75,4.75,18.0,26.75,5.25,18.0
2025-07-09 20:30:00,South,太陽能(Solar),0.0,26.75,4.75,18.0,26.75,5.25,18.0
2025-07-09 20:40:00,South,太陽能(Solar),0.0,26.75,4.75,18.0,26.75,5.25,18.0
2025-07-09 20:50:00,South,太陽能(Solar),0.0,26.75,4.75,18.0,26.75,5.25,18.0
2025-07-09 21:00:00,South,太陽能(Solar),0.0,26.75,4.75,18.0,26.75,5.25,18.0
2025-07-09 21:10:00,South,太陽能(Solar),0.0,26.75,4.75,18.0,26.75,5.25,18.0
2025-07-09 21:20:00,South,太陽能(Solar),0.0,26.75,4.75,18.0,26.75,5.25,18.0
2025-07-09 21:30:00,South,太陽能(Solar),0.0,26.75,4.75,18.0,26.75,5.25,18.0
2025-07-09 21:40:00,South,太陽能(Solar),0.0,26.75,4.75,18.0,26.75,5.25,18.0
2025-07-09 21:50:00,South,太陽能(Solar),0.0,26.75,4.75,18.0,26.75,5.25,18.0
2025-07-09 22:00:00,South,太陽能(Solar),0.0,26.75,4.75,18.0,26.75,5.25,18.0
2025-07-09 22:10:00,South,太陽能(Solar),0.0,26.75,4.75,18.0,26.75,5.25,18.0
2025-07-09 22:20:00,South,太陽能(Solar),0.0,26.75,4.75,18.0,26.75,5.25,18.0
2025-07-09 22:30:00,South,太陽能(Solar),0.0,26.75,4.75,18.0,26.75,5.25,18.0
2025-07-09 22:40:00,South,太陽能(Solar),0.0,26.75,4.75,18.0,26.75,5.25,18.0
2025-07-09 22:50:00,South,太陽能(Solar),0.0,26.75,4.75,18.0,26.75,5.25,18.0
2025-07-09 23:00:00,South,太陽能(Solar),0.0,26.75,4.75,18.0,26.75,5.25,18.0
2025-07-09 23:10:00,South,太陽能(Solar),0.0,26.75,4.75,18.0,26.75,5.25,18.0
2025-07-09 23:20:00,South,太陽能(Solar),0.0,26.75,4.75,18.0,26.75,5.25,18.0
2025-07-09 23:30:00,South,太陽能(Solar),0.0,26.75,4.75,18.0,26.75,5.25,18.0
2025-07-09 23:40:00,South,太陽能(Solar),0.0,26.75,4.75,18.0,26.75,5.25,18.0
2025-07-09 23:50:00,South,太陽能(Solar),0.0,26.75,4.75,18.0,26.75,5.25,18.0
2025-07-10 00:00:00,South,太陽能(Solar),0.0,26.75,4.75,18.0,26.75,5.25,18.0
2025-07-10 00:10:00,South,太陽能(Solar),0.0,26.75,4.75,18.0,26.75,5.25,18.0
2025-07-10 00:20:00,South,太陽能(Solar),0.0,26.75,4.75,18.0,26.75,5.25,18.0
2025-07-10 00:30:00,South,太陽能(Solar),0.0,26.75,4.75,18.0,26.75,5.25,18.0
2025-07-10 00:40:00,South,太陽能(Solar),0.0,26.75,4.75,18.0,26.75,5.25,18.0
2025-07-10 00:50:00,South,太陽能(Solar),0.0,26.75,4.75,18.0,26.75,5.25,18.0
2025-07-10 01:00:00,South,太陽能(Solar),0.0,26.75,4.75,18.0,26.75,5.25,18.0
2025-07-10 01:10:00,South,太陽能(Solar),0.0,26.75,4.75,18.0,26.75,5.25,18.0
2025-07-10 01:20:00,South,太陽能(Solar),0.0,26.75,4.75,18.0,26.75,5.25,18.0
2025-07-10 01:30:00,South,太陽能(Solar),0.0,26.75,4.75,18.0,26.75,5.25,18.0
2025-07-10 01:40:00,South,太陽能(Solar),0.0,26.75,4.75,18.0,26.75,5.25,18.0
2025-07-10 01:50:00,South,太陽能(Solar),0.0,26.75,4.75,18.0,26.75,5.25,18.0
2025-07-10 02:00:00,South,太陽能(Solar),0.0,26.75,4.75,18.0,26.75,5.25,18.0
2025-07-10 02:10:00,South,太陽能(Solar),0.0,26.75,4.75,18.0,26.75,5.25,18.0
2025-07-10 02:20:00,South,太陽能(Solar),0.0,26.75,4.75,18.0,26.75,5.25,18.0
2025-07-10 02:30:00,South,太陽能(Solar),0.0,26.75,4.75,18.0,26.75,5.25,18.0
2025-07-10 02:40:00,South,太陽能(Solar),0.0,26.75,4.75,18.0,26.75,5.25,18.0
2025-07-10 02:50:00,South,太陽能(Solar),0.0,26.75,4.75,18.0,26.75,5.25,18.0
2025-07-10 03:00:00,South,太陽能(Solar),0.0,26.75,4.75,18.0,26.75,5.25,18.0
2025-07-10 03:10:00,South,太陽能(Solar),0.0,26.75,4.75,18.0,26.75,5.25,18.0
2025-07-10 03:20:00,South,太陽能(Solar),0.0,26.75,4.75,18.0,26.75,5.25,18.0
2025-07-10 03:30:00,South,太陽能(Solar),0.0,26.75,4.75,18.0,26.75,5.25,18.0
2025-07-10 03:40:00,South,太陽能(Solar),0.0,26.75,4.75,18.0,26.75,5.25,18.0
2025-07-10 03:50:00,South,太陽能(Solar),0.0,26.75,4.75,18.0,26.75,5.25,18.0
2025-07-10 04:00:00,South,太陽能(Solar),0.0,26.75,4.75,18.0,26.75,5.25,18.0
2025-07-10 04:10:00,South,太陽能(Solar),0.0,26.75,4.75,18.0,26.75,5.25,18.0
2025-07-10 04:20:00,South,太陽能(Solar),0.0,26.75,4.75,18.0,26.75,5.25,18.0
2025-07-10 04:30:00,South,太陽能(Solar),0.0,26.75,4.75,18.0,26.75,5.25,18.0
2025-07-10 04:40:00,South,太陽能(Solar),0.0,26.75,4.75,18.0,26.75,5.25,18.0
2025-07-10 04:50:00,South,太陽能(Solar),0.0,26.75,4.75,18.0,26.75,5.25,18.0
2025-07-10 05:00:00,South,太陽能(Solar),0.062,26.75,4.75,18.0,26.75,5.25,18.0
2025-07-10 05:10:00,South,太陽能(Solar),0.062,26.75,4.75,18.0,26.75,5.25,18.0
2025-07-10 05:20:00,South,太陽能(Solar),0.062,26.75,4.75,18.0,26.75,5.25,18.0
2025-07-10 05:30:00,South,太陽能(Solar),0.038,26.75,4.75,18.0,26.75,5.25,18.0
2025-07-10 05:40:00,South,太陽能(Solar),0.878,26.75,4.75,18.0,26.75,5.25,18.0
2025-07-10 05:50:00,South,太陽能(Solar),0.84,26.75,4.75,18.0,26.75,5.25,18.0
2025-07-10 06:00:00,South,太陽能(Solar),0.84,26.75,5.25,18.0,26.25,5.5,18.0
2025-07-10 06:10:00,South,太陽能(Solar),0.84,26.75,5.25,18.0,26.25,5.5,18.0
2025-07-10 06:20:00,South,太陽能(Solar),0.84,26.75,5.25,18.0,26.25,5.5,18.0
2025-07-10 06:30:00,South,太陽能(Solar),1.784,26.75,5.25,18.0,26.25,5.5,18.0
2025-07-10 06:40:00,South,太陽能(Solar),5.140000000000001,26.75,5.25,18.0,26.25,5.5,18.0
2025-07-10 06:50:00,South,太陽能(Solar),4.908,26.75,5.25,18.0,26.25,5.5,18.0
2025-07-10 07:00:00,South,太陽能(Solar),4.215999999999999,26.75,5.25,18.0,26.25,5.5,18.0
2025-07-10 07:10:00,South,太陽能(Solar),7.532,26.75,5.25,18.0,26.25,5.5,18.0
2025-07-10 07:20:00,South,太陽能(Solar),7.408,26.75,5.25,18.0,26.25,5.5,18.0
2025-07-10 07:30:00,South,太陽能(Solar),6.186,26.75,5.25,18.0,26.25,5.5,18.0
2025-07-10 07:40:00,South,太陽能(Solar),17.688,26.75,5.25,18.0,26.25,5.5,18.0
2025-07-10 07:50:00,South,太陽能(Solar),24.08,26.75,5.25,18.0,26.25,5.5,18.0
2025-07-10 08:00:00,South,太陽能(Solar),18.332,26.75,5.25,18.0,26.25,5.5,18.0
2025-07-10 08:10:00,South,太陽能(Solar),21.54,26.75,5.25,18.0,26.25,5.5,18.0
2025-07-10 08:20:00,South,太陽能(Solar),28.858,26.75,5.25,18.0,26.25,5.5,18.0
2025-07-10 08:30:00,South,太陽能(Solar),30.558,26.75,5.25,18.0,26.25,5.5,18.0
2025-07-10 08:40:00,South,太陽能(Solar),33.71,26.75,5.25,18.0,26.25,5.5,18.0
2025-07-10 08:50:00,South,太陽能(Solar),35.85,26.75,5.25,18.0,26.25,5.5,18.0
2025-07-10 09:00:00,South,太陽能(Solar),30.472,26.75,5.25,18.0,26.25,5.5,18.0
2025-07-10 09:10:00,South,太陽能(Solar),48.392,26.75,5.25,18.0,26.25,5.5,18.0
2025-07-10 09:20:00,South,太陽能(Solar),51.05,26.75,5.25,18.0,26.25,5.5,18.0
2025-07-10 09:30:00,South,太陽能(Solar),51.05,26.75,5.25,18.0,26.25,5.5,18.0
2025-07-10 09:40:00,South,太陽能(Solar),54.666,26.75,5.25,18.0,26.25,5.5,18.0
2025-07-10 09:50:00,South,太陽能(Solar),70.856,26.75,5.25,18.0,26.25,5.5,18.0
2025-07-10 10:00:00,South,太陽能(Solar),72.496,26.75,5.25,18.0,26.25,5.5,18.0
2025-07-10 10:10:00,South,太陽能(Solar),72.496,26.75,5.25,18.0,26.25,5.5,18.0
2025-07-10 10:20:00,South,太陽能(Solar),87.476,26.75,5.25,18.0,26.25,5.5,18.0
2025-07-10 10:30:00,South,太陽能(Solar),85.936,26.75,5.25,18.0,26.25,5.5,18.0
2025-07-10 10:40:00,South,太陽能(Solar),98.726,26.75,5.25,18.0,26.25,5.5,18.0
2025-07-10 10:50:00,South,太陽能(Solar),113.238,26.75,5.25,18.0,26.25,5.5,18.0
2025-07-10 11:00:00,South,太陽能(Solar),144.87,26.75,5.25,18.0,26.25,5.5,18.0
2025-07-10 11:10:00,South,太陽能(Solar),104.74,26.75,5.25,18.0,26.25,5.5,18.0
2025-07-10 11:20:00,South,太陽能(Solar),94.044,26.75,5.25,18.0,26.25,5.5,18.0
2025-07-10 11:30:00,South,太陽能(Solar),88.10799999999999,26.75,5.25,18.0,26.25,5.5,18.0
2025-07-10 11:40:00,South,太陽能(Solar),97.256,26.75,5.25,18.0,26.25,5.5,18.0
2025-07-10 11:50:00,South,太陽能(Solar),82.744,26.75,5.25,18.0,26.25,5.5,18.0
2025-07-10 12:00:00,South,太陽能(Solar),89.28399999999999,27.0,5.25,18.0,25.5,5.25,18.0
2025-07-10 12:10:00,South,太陽能(Solar),89.28399999999999,27.0,5.25,18.0,25.5,5.25,18.0
2025-07-10 12:20:00,South,太陽能(Solar),192.139,27.0,5.25,18.0,25.5,5.25,18.0
2025-07-10 12:30:00,South,太陽能(Solar),219.338,27.0,5.25,18.0,25.5,5.25,18.0
2025-07-10 12:40:00,South,太陽能(Solar),231.128,27.0,5.25,18.0,25.5,5.25,18.0
2025-07-10 12:50:00,South,太陽能(Solar),180.224,27.0,5.25,18.0,25.5,5.25,18.0
2025-07-10 13:00:00,South,太陽能(Solar),155.762,27.0,5.25,18.0,25.5,5.25,18.0
2025-07-10 13:10:00,South,太陽能(Solar),156.618,27.0,5.25,18.0,25.5,5.25,18.0
2025-07-10 13:20:00,South,太陽能(Solar),187.241,27.0,5.25,18.0,25.5,5.25,18.0
2025-07-10 13:30:00,South,太陽能(Solar),196.696,27.0,5.25,18.0,25.5,5.25,18.0
2025-07-10 13:40:00,South,太陽能(Solar),182.352,27.0,5.25,18.0,25.5,5.25,18.0
2025-07-10 13:50:00,South,太陽能(Solar),171.616,27.0,5.25,18.0,25.5,5.25,18.0
2025-07-10 14:00:00,South,太陽能(Solar),144.148,27.0,5.25,18.0,25.5,5.25,18.0
2025-07-10 14:10:00,South,太陽能(Solar),151.552,27.0,5.25,18.0,25.5,5.25,18.0
2025-07-10 14:20:00,South,太陽能(Solar),149.556,27.0,5.25,18.0,25.5,5.25,18.0
2025-07-10 14:30:00,South,太陽能(Solar),150.766,27.0,5.25,18.0,25.5,5.25,18.0
2025-07-10 14:40:00,South,太陽能(Solar),144.687,27.0,5.25,18.0,25.5,5.25,18.0
2025-07-10 14:50:00,South,太陽能(Solar),115.92,27.0,5.25,18.0,25.5,5.25,18.0
2025-07-10 15:00:00,South,太陽能(Solar),127.224,27.0,5.25,18.0,25.5,5.25,18.0
2025-07-10 15:10:00,South,太陽能(Solar),162.076,27.0,5.25,18.0,25.5,5.25,18.0
2025-07-10 15:20:00,South,太陽能(Solar),147.612,27.0,5.25,18.0,25.5,5.25,18.0
2025-07-10 15:30:00,South,太陽能(Solar),126.978,27.0,5.25,18.0,25.5,5.25,18.0
2025-07-10 15:40:00,South,太陽能(Solar),105.222,27.0,5.25,18.0,25.5,5.25,18.0
2025-07-10 15:50:00,South,太陽能(Solar),85.184,27.0,5.25,18.0,25.5,5.25,18.0
2025-07-10 16:00:00,South,太陽能(Solar),88.092,27.0,5.25,18.0,25.5,5.25,18.0
2025-07-10 16:10:00,South,太陽能(Solar),92.482,27.0,5.25,18.0,25.5,5.25,18.0
2025-07-10 16:20:00,South,太陽能(Solar),98.634,27.0,5.25,18.0,25.5,5.25,18.0
2025-07-10 16:30:00,South,太陽能(Solar),95.111,27.0,5.25,18.0,25.5,5.25,18.0
2025-07-10 16:40:00,South,太陽能(Solar),95.111,27.0,5.25,18.0,25.5,5.25,18.0
2025-07-10 16:50:00,South,太陽能(Solar),89.7,27.0,5.25,18.0,25.5,5.25,18.0
2025-07-10 17:00:00,South,太陽能(Solar),81.63,27.0,5.25,18.0,25.5,5.25,18.0
2025-07-10 17:10:00,South,太陽能(Solar),55.57,27.0,5.25,18.0,25.5,5.25,18.0
2025-07-10 17:20:00,South,太陽能(Solar),45.556,27.0,5.25,18.0,25.5,5.25,18.0
2025-07-10 17:30:00,South,太陽能(Solar),41.52,27.0,5.25,18.0,25.5,5.25,18.0
2025-07-10 17:40:00,South,太陽能(Solar),37.192,27.0,5.25,18.0,25.5,5.25,18.0
2025-07-10 17:50:00,South,太陽能(Solar),26.304,27.0,5.25,18.0,25.5,5.25,18.0
2025-07-10 18:00:00,South,太陽能(Solar),20.386,25.5,5.25,18.0,28.0,6.5,18.0
2025-07-10 18:10:00,South,太陽能(Solar),25.294,25.5,5.25,18.0,28.0,6.5,18.0
2025-07-10 18:20:00,South,太陽能(Solar),21.443,25.5,5.25,18.0,28.0,6.5,18.0
2025-07-10 18:30:00,South,太陽能(Solar),5.152,25.5,5.25,18.0,28.0,6.5,18.0
2025-07-10 18:40:00,South,太陽能(Solar),0.0,25.5,5.25,18.0,28.0,6.5,18.0
2025-07-10 18:50:00,South,太陽能(Solar),0.0,25.5,5.25,18.0,28.0,6.5,18.0
2025-07-10 19:00:00,South,太陽能(Solar),0.0,25.5,5.25,18.0,28.0,6.5,18.0
2025-07-10 19:10:00,South,太陽能(Solar),0.0,25.5,5.25,18.0,28.0,6.5,18.0
2025-07-10 19:20:00,South,太陽能(Solar),0.0,25.5,5.25,18.0,28.0,6.5,18.0
2025-07-10 19:30:00,South,太陽能(Solar),0.0,25.5,5.25,18.0,28.0,6.5,18.0
2025-07-10 19:40:00,South,太陽能(Solar),0.0,25.5,5.25,18.0,28.0,6.5,18.0
2025-07-10 19:50:00,South,太陽能(Solar),0.0,25.5,5.25,18.0,28.0,6.5,18.0
2025-07-10 20:00:00,South,太陽能(Solar),0.0,25.5,5.25,18.0,28.0,6.5,18.0
2025-07-10 20:10:00,South,太陽能(Solar),0.0,25.5,5.25,18.0,28.0,6.5,18.0
2025-07-10 20:20:00,South,太陽能(Solar),0.0,25.5,5.25,18.0,28.0,6.5,18.0
2025-07-10 20:30:00,South,太陽能(Solar),0.0,25.5,5.25,18.0,28.0,6.5,18.0
2025-07-10 20:40:00,South,太陽能(Solar),0.0,25.5,5.25,18.0,28.0,6.5,18.0
2025-07-10 20:50:00,South,太陽能(Solar),0.0,25.5,5.25,18.0,28.0,6.5,18.0
2025-07-10 21:00:00,South,太陽能(Solar),0.0,25.5,5.25,18.0,28.0,6.5,18.0
2025-07-10 21:10:00,South,太陽能(Solar),0.0,25.5,5.25,18.0,28.0,6.5,18.0
2025-07-10 21:20:00,South,太陽能(Solar),0.0,25.5,5.25,18.0,28.0,6.5,18.0
2025-07-10 21:30:00,South,太陽能(Solar),0.0,25.5,5.25,18.0,28.0,6.5,18.0
2025-07-10 21:40:00,South,太陽能(Solar),0.0,25.5,5.25,18.0,28.0,6.5,18.0
2025-07-10 21:50:00,South,太陽能(Solar),0.0,25.5,5.25,18.0,28.0,6.5,18.0
2025-07-10 22:00:00,South,太陽能(Solar),0.0,25.5,5.25,18.0,28.0,6.5,18.0
2025-07-10 22:10:00,South,太陽能(Solar),0.0,25.5,5.25,18.0,28.0,6.5,18.0
2025-07-10 22:20:00,South,太陽能(Solar),0.0,25.5,5.25,18.0,28.0,6.5,18.0
2025-07-10 22:30:00,South,太陽能(Solar),0.0,25.5,5.25,18.0,28.0,6.5,18.0
2025-07-10 22:40:00,South,太陽能(Solar),0.0,25.5,5.25,18.0,28.0,6.5,18.0
2025-07-10 22:50:00,South,太陽能(Solar),0.0,25.5,5.25,18.0,28.0,6.5,18.0
2025-07-10 23:00:00,South,太陽能(Solar),0.0,25.5,5.25,18.0,28.0,6.5,18.0
2025-07-10 23:10:00,South,太陽能(Solar),0.0,25.5,5.25,18.0,28.0,6.5,18.0
2025-07-10 23:20:00,South,太陽能(Solar),0.0,25.5,5.25,18.0,28.0,6.5,18.0
2025-07-10 23:30:00,South,太陽能(Solar),0.0,25.5,5.25,18.0,28.0,6.5,18.0
2025-07-10 23:40:00,South,太陽能(Solar),0.0,25.5,5.25,18.0,28.0,6.5,18.0
2025-07-10 23:50:00,South,太陽能(Solar),0.0,25.5,5.25,18.0,28.0,6.5,18.0
2025-07-11 00:00:00,South,太陽能(Solar),0.0,25.0,5.25,18.0,28.0,6.5,18.0
2025-07-11 00:10:00,South,太陽能(Solar),0.0,25.0,5.25,18.0,28.0,6.5,18.0
2025-07-11 00:20:00,South,太陽能(Solar),0.0,25.0,5.25,18.0,28.0,6.5,18.0
2025-07-11 00:30:00,South,太陽能(Solar),0.0,25.0,5.25,18.0,28.0,6.5,18.0
2025-07-11 00:40:00,South,太陽能(Solar),0.0,25.0,5.25,18.0,28.0,6.5,18.0
2025-07-11 00:50:00,South,太陽能(Solar),0.0,25.0,5.25,18.0,28.0,6.5,18.0
2025-07-11 01:00:00,South,太陽能(Solar),0.0,25.0,5.25,18.0,28.0,6.5,18.0
2025-07-11 01:10:00,South,太陽能(Solar),0.0,25.0,5.25,18.0,28.0,6.5,18.0
2025-07-11 01:20:00,South,太陽能(Solar),0.0,25.0,5.25,18.0,28.0,6.5,18.0
2025-07-11 01:30:00,South,太陽能(Solar),0.0,25.0,5.25,18.0,28.0,6.5,18.0
2025-07-11 01:40:00,South,太陽能(Solar),0.0,25.0,5.25,18.0,28.0,6.5,18.0
2025-07-11 01:50:00,South,太陽能(Solar),0.0,25.0,5.25,18.0,28.0,6.5,18.0
2025-07-11 02:00:00,South,太陽能(Solar),0.0,25.0,5.25,18.0,28.0,6.5,18.0
2025-07-11 02:10:00,South,太陽能(Solar),0.0,25.0,5.25,18.0,28.0,6.5,18.0
2025-07-11 02:20:00,South,太陽能(Solar),0.0,25.0,5.25,18.0,28.0,6.5,18.0
2025-07-11 02:30:00,South,太陽能(Solar),0.0,25.0,5.25,18.0,28.0,6.5,18.0
2025-07-11 02:40:00,South,太陽能(Solar),0.0,25.0,5.25,18.0,28.0,6.5,18.0
2025-07-11 02:50:00,South,太陽能(Solar),0.0,25.0,5.25,18.0,28.0,6.5,18.0
2025-07-11 03:00:00,South,太陽能(Solar),0.0,25.0,5.25,18.0,28.0,6.5,18.0
2025-07-11 03:10:00,South,太陽能(Solar),0.0,25.0,5.25,18.0,28.0,6.5,18.0
2025-07-11 03:20:00,South,太陽能(Solar),0.0,25.0,5.25,18.0,28.0,6.5,18.0
2025-07-11 03:30:00,South,太陽能(Solar),0.0,25.0,5.25,18.0,28.0,6.5,18.0
2025-07-11 03:40:00,South,太陽能(Solar),0.0,25.0,5.25,18.0,28.0,6.5,18.0
2025-07-11 03:50:00,South,太陽能(Solar),0.0,25.0,5.25,18.0,28.0,6.5,18.0
2025-07-11 04:00:00,South,太陽能(Solar),0.0,25.0,5.25,18.0,28.0,6.5,18.0
2025-07-11 04:10:00,South,太陽能(Solar),0.0,25.0,5.25,18.0,28.0,6.5,18.0
2025-07-11 04:20:00,South,太陽能(Solar),0.0,25.0,5.25,18.0,28.0,6.5,18.0
2025-07-11 04:30:00,South,太陽能(Solar),0.0,25.0,5.25,18.0,28.0,6.5,18.0
2025-07-11 04:40:00,South,太陽能(Solar),0.0,25.0,5.25,18.0,28.0,6.5,18.0
2025-07-11 04:50:00,South,太陽能(Solar),0.0,25.0,5.25,18.0,28.0,6.5,18.0
2025-07-11 05:00:00,South,太陽能(Solar),0.038,25.0,5.25,18.0,28.0,6.5,18.0
2025-07-11 05:10:00,South,太陽能(Solar),0.062,25.0,5.25,18.0,28.0,6.5,18.0
2025-07-11 05:20:00,South,太陽能(Solar),0.062,25.0,5.25,18.0,28.0,6.5,18.0
2025-07-11 05:30:00,South,太陽能(Solar),0.05,25.0,5.25,18.0,28.0,6.5,18.0
2025-07-11 05:40:00,South,太陽能(Solar),0.075,25.0,5.25,18.0,28.0,6.5,18.0
2025-07-11 05:50:00,South,太陽能(Solar),3.1420000000000003,25.0,5.25,18.0,28.0,6.5,18.0
2025-07-11 06:00:00,South,太陽能(Solar),10.306,28.0,6.5,18.0,27.25,7.5,17.0
2025-07-11 06:10:00,South,太陽能(Solar),20.68,28.0,6.5,18.0,27.25,7.5,17.0
2025-07-11 06:20:00,South,太陽能(Solar),32.89,28.0,6.5,18.0,27.25,7.5,17.0
2025-07-11 06:30:00,South,太陽能(Solar),43.572,28.0,6.5,18.0,27.25,7.5,17.0
2025-07-11 06:40:00,South,太陽能(Solar),50.196,28.0,6.5,18.0,27.25,7.5,17.0
2025-07-11 06:50:00,South,太陽能(Solar),67.47399999999999,28.0,6.5,18.0,27.25,7.5,17.0
2025-07-11 07:00:00,South,太陽能(Solar),58.916,28.0,6.5,18.0,27.25,7.5,17.0
2025-07-11 07:10:00,South,太陽能(Solar),58.604,28.0,6.5,18.0,27.25,7.5,17.0
2025-07-11 07:20:00,South,太陽能(Solar),67.38,28.0,6.5,18.0,27.25,7.5,17.0
2025-07-11 07:30:00,South,太陽能(Solar),86.868,28.0,6.5,18.0,27.25,7.5,17.0
2025-07-11 07:40:00,South,太陽能(Solar),117.566,28.0,6.5,18.0,27.25,7.5,17.0
2025-07-11 07:50:00,South,太陽能(Solar),110.332,28.0,6.5,18.0,27.25,7.5,17.0
2025-07-11 08:00:00,South,太陽能(Solar),98.638,28.0,6.5,18.0,27.25,7.5,17.0
2025-07-11 08:10:00,South,太陽能(Solar),89.868,28.0,6.5,18.0,27.25,7.5,17.0
2025-07-11 08:20:00,South,太陽能(Solar),132.40200000000002,28.0,6.5,18.0,27.25,7.5,17.0
2025-07-11 08:30:00,South,太陽能(Solar),182.7,28.0,6.5,18.0,27.25,7.5,17.0
2025-07-11 08:40:00,South,太陽能(Solar),243.554,28.0,6.5,18.0,27.25,7.5,17.0
2025-07-11 08:50:00,South,太陽能(Solar),318.7,28.0,6.5,18.0,27.25,7.5,17.0
2025-07-11 09:00:00,South,太陽能(Solar),354.576,28.0,6.5,18.0,27.25,7.5,17.0
2025-07-11 09:10:00,South,太陽能(Solar),412.688,28.0,6.5,18.0,27.25,7.5,17.0
2025-07-11 09:20:00,South,太陽能(Solar),464.212,28.0,6.5,18.0,27.25,7.5,17.0
2025-07-11 09:30:00,South,太陽能(Solar),483.16,28.0,6.5,18.0,27.25,7.5,17.0
2025-07-11 09:40:00,South,太陽能(Solar),483.16,28.0,6.5,18.0,27.25,7.5,17.0
2025-07-11 09:50:00,South,太陽能(Solar),368.011,28.0,6.5,18.0,27.25,7.5,17.0
2025-07-11 10:00:00,South,太陽能(Solar),314.598,28.0,6.5,18.0,27.25,7.5,17.0
2025-07-11 10:10:00,South,太陽能(Solar),435.716,28.0,6.5,18.0,27.25,7.5,17.0
2025-07-11 10:20:00,South,太陽能(Solar),486.404,28.0,6.5,18.0,27.25,7.5,17.0
2025-07-11 10:30:00,South,太陽能(Solar),513.77,28.0,6.5,18.0,27.25,7.5,17.0
2025-07-11 10:40:00,South,太陽能(Solar),309.588,28.0,6.5,18.0,27.25,7.5,17.0
2025-07-11 10:50:00,South,太陽能(Solar),246.936,28.0,6.5,18.0,27.25,7.5,17.0
2025-07-11 11:00:00,South,太陽能(Solar),327.816,28.0,6.5,18.0,27.25,7.5,17.0
2025-07-11 11:10:00,South,太陽能(Solar),437.89,28.0,6.5,18.0,27.25,7.5,17.0
2025-07-11 11:20:00,South,太陽能(Solar),479.984,28.0,6.5,18.0,27.25,7.5,17.0
2025-07-11 11:30:00,South,太陽能(Solar),567.762,28.0,6.5,18.0,27.25,7.5,17.0
2025-07-11 11:40:00,South,太陽能(Solar),554.3969999999999,28.0,6.5,18.0,27.25,7.5,17.0
2025-07-11 11:50:00,South,太陽能(Solar),485.818,28.0,6.5,18.0,27.25,7.5,17.0
2025-07-11 12:00:00,South,太陽能(Solar),457.68,29.75,6.5,18.0,27.75,5.25,18.0
2025-07-11 12:10:00,South,太陽能(Solar),457.68,29.75,6.5,18.0,27.75,5.25,18.0
2025-07-11 12:20:00,South,太陽能(Solar),337.169,29.75,6.5,18.0,27.75,5.25,18.0
2025-07-11 12:30:00,South,太陽能(Solar),250.846,29.75,6.5,18.0,27.75,5.25,18.0
2025-07-11 12:40:00,South,太陽能(Solar),256.949,29.75,6.5,18.0,27.75,5.25,18.0
2025-07-11 12:50:00,South,太陽能(Solar),254.484,29.75,6.5,18.0,27.75,5.25,18.0
2025-07-11 13:00:00,South,太陽能(Solar),309.238,29.75,6.5,18.0,27.75,5.25,18.0
2025-07-11 13:10:00,South,太陽能(Solar),274.01800000000003,29.75,6.5,18.0,27.75,5.25,18.0
2025-07-11 13:20:00,South,太陽能(Solar),223.466,29.75,6.5,18.0,27.75,5.25,18.0
2025-07-11 13:30:00,South,太陽能(Solar),188.946,29.75,6.5,18.0,27.75,5.25,18.0
2025-07-11 13:40:00,South,太陽能(Solar),189.188,29.75,6.5,18.0,27.75,5.25,18.0
2025-07-11 13:50:00,South,太陽能(Solar),202.958,29.75,6.5,18.0,27.75,5.25,18.0
2025-07-11 14:00:00,South,太陽能(Solar),162.752,29.75,6.5,18.0,27.75,5.25,18.0
2025-07-11 14:10:00,South,太陽能(Solar),146.97,29.75,6.5,18.0,27.75,5.25,18.0
2025-07-11 14:20:00,South,太陽能(Solar),145.654,29.75,6.5,18.0,27.75,5.25,18.0
2025-07-11 14:30:00,South,太陽能(Solar),162.748,29.75,6.5,18.0,27.75,5.25,18.0
2025-07-11 14:40:00,South,太陽能(Solar),253.178,29.75,6.5,18.0,27.75,5.25,18.0
2025-07-11 14:50:00,South,太陽能(Solar),314.622,29.75,6.5,18.0,27.75,5.25,18.0
2025-07-11 15:00:00,South,太陽能(Solar),241.118,29.75,6.5,18.0,27.75,5.25,18.0
2025-07-11 15:10:00,South,太陽能(Solar),165.124,29.75,6.5,18.0,27.75,5.25,18.0
2025-07-11 15:20:00,South,太陽能(Solar),164.285,29.75,6.5,18.0,27.75,5.25,18.0
2025-07-11 15:30:00,South,太陽能(Solar),203.84,29.75,6.5,18.0,27.75,5.25,18.0
2025-07-11 15:40:00,South,太陽能(Solar),193.67,29.75,6.5,18.0,27.75,5.25,18.0
2025-07-11 15:50:00,South,太陽能(Solar),174.882,29.75,6.5,18.0,27.75,5.25,18.0
2025-07-11 16:00:00,South,太陽能(Solar),171.61200000000002,29.75,6.5,18.0,27.75,5.25,18.0
2025-07-11 16:10:00,South,太陽能(Solar),161.41199999999998,29.75,6.5,18.0,27.75,5.25,18.0
2025-07-11 16:20:00,South,太陽能(Solar),145.746,29.75,6.5,18.0,27.75,5.25,18.0
2025-07-11 16:30:00,South,太陽能(Solar),140.915,29.75,6.5,18.0,27.75,5.25,18.0
2025-07-11 16:40:00,South,太陽能(Solar),132.972,29.75,6.5,18.0,27.75,5.25,18.0
2025-07-11 16:50:00,South,太陽能(Solar),124.406,29.75,6.5,18.0,27.75,5.25,18.0
2025-07-11 17:00:00,South,太陽能(Solar),116.344,29.75,6.5,18.0,27.75,5.25,18.0
2025-07-11 17:10:00,South,太陽能(Solar),103.146,29.75,6.5,18.0,27.75,5.25,18.0
2025-07-11 17:20:00,South,太陽能(Solar),90.027,29.75,6.5,18.0,27.75,5.25,18.0
2025-07-11 17:30:00,South,太陽能(Solar),76.803,29.75,6.5,18.0,27.75,5.25,18.0
2025-07-11 17:40:00,South,太陽能(Solar),64.722,29.75,6.5,18.0,27.75,5.25,18.0
2025-07-11 17:50:00,South,太陽能(Solar),52.65,29.75,6.5,18.0,27.75,5.25,18.0
2025-07-11 18:00:00,South,太陽能(Solar),42.506,27.75,5.75,18.0,30.0,4.75,10.0
2025-07-11 18:10:00,South,太陽能(Solar),33.126,27.75,5.75,18.0,30.0,4.75,10.0
2025-07-11 18:20:00,South,太陽能(Solar),25.076,27.75,5.75,18.0,30.0,4.75,10.0
2025-07-11 18:30:00,South,太陽能(Solar),20.515,27.75,5.75,18.0,30.0,4.75,10.0
2025-07-11 18:40:00,South,太陽能(Solar),18.76,27.75,5.75,18.0,30.0,4.75,10.0
2025-07-11 18:50:00,South,太陽能(Solar),19.04,27.75,5.75,18.0,30.0,4.75,10.0
2025-07-11 19:00:00,South,太陽能(Solar),0.0,27.75,5.75,18.0,30.0,4.75,10.0
2025-07-11 19:10:00,South,太陽能(Solar),0.0,27.75,5.75,18.0,30.0,4.75,10.0
2025-07-11 19:20:00,South,太陽能(Solar),0.0,27.75,5.75,18.0,30.0,4.75,10.0
2025-07-11 19:30:00,South,太陽能(Solar),0.0,27.75,5.75,18.0,30.0,4.75,10.0
2025-07-11 19:40:00,South,太陽能(Solar),0.0,27.75,5.75,18.0,30.0,4.75,10.0
2025-07-11 19:50:00,South,太陽能(Solar),0.0,27.75,5.75,18.0,30.0,4.75,10.0
2025-07-11 20:00:00,South,太陽能(Solar),0.0,27.75,5.75,18.0,30.0,4.75,10.0
2025-07-11 20:10:00,South,太陽能(Solar),0.0,27.75,5.75,18.0,30.0,4.75,10.0
2025-07-11 20:20:00,South,太陽能(Solar),0.0,27.75,5.75,18.0,30.0,4.75,10.0
2025-07-11 20:30:00,South,太陽能(Solar),0.0,27.75,5.75,18.0,30.0,4.75,10.0
2025-07-11 20:40:00,South,太陽能(Solar),0.0,27.75,5.75,18.0,30.0,4.75,10.0
2025-07-11 20:50:00,South,太陽能(Solar),0.0,27.75,5.75,18.0,30.0,4.75,10.0
2025-07-11 21:00:00,South,太陽能(Solar),0.0,27.75,5.75,18.0,30.0,4.75,10.0
2025-07-11 21:10:00,South,太陽能(Solar),0.0,27.75,5.75,18.0,30.0,4.75,10.0
2025-07-11 21:20:00,South,太陽能(Solar),0.0,27.75,5.75,18.0,30.0,4.75,10.0
2025-07-11 21:30:00,South,太陽能(Solar),0.0,27.75,5.75,18.0,30.0,4.75,10.0
2025-07-11 21:40:00,South,太陽能(Solar),0.0,27.75,5.75,18.0,30.0,4.75,10.0
2025-07-11 21:50:00,South,太陽能(Solar),0.0,27.75,5.75,18.0,30.0,4.75,10.0
2025-07-11 22:00:00,South,太陽能(Solar),0.0,27.75,5.75,18.0,30.0,4.75,10.0
2025-07-11 22:10:00,South,太陽能(Solar),0.0,27.75,5.75,18.0,30.0,4.75,10.0
2025-07-11 22:20:00,South,太陽能(Solar),0.0,27.75,5.75,18.0,30.0,4.75,10.0
2025-07-11 22:30:00,South,太陽能(Solar),0.0,27.75,5.75,18.0,30.0,4.75,10.0
2025-07-11 22:40:00,South,太陽能(Solar),0.0,27.75,5.75,18.0,30.0,4.75,10.0
2025-07-11 22:50:00,South,太陽能(Solar),0.0,27.75,5.75,18.0,30.0,4.75,10.0
2025-07-11 23:00:00,South,太陽能(Solar),0.0,27.75,5.75,18.0,30.0,4.75,10.0
2025-07-11 23:10:00,South,太陽能(Solar),0.0,27.75,5.75,18.0,30.0,4.75,10.0
2025-07-11 23:20:00,South,太陽能(Solar),0.0,27.75,5.75,18.0,30.0,4.75,10.0
2025-07-11 23:30:00,South,太陽能(Solar),0.0,27.75,5.75,18.0,30.0,4.75,10.0
2025-07-11 23:40:00,South,太陽能(Solar),0.0,27.75,5.75,18.0,30.0,4.75,10.0
2025-07-11 23:50:00,South,太陽能(Solar),0.0,27.75,5.75,18.0,30.0,4.75,10.0
2025-07-12 00:00:00,South,太陽能(Solar),0.0,27.0,5.5,11.0,30.0,4.75,10.0
2025-07-12 00:10:00,South,太陽能(Solar),0.0,27.0,5.5,11.0,30.0,4.75,10.0
2025-07-12 00:20:00,South,太陽能(Solar),0.0,27.0,5.5,11.0,30.0,4.75,10.0
2025-07-12 00:30:00,South,太陽能(Solar),0.0,27.0,5.5,11.0,30.0,4.75,10.0
2025-07-12 00:40:00,South,太陽能(Solar),0.0,27.0,5.5,11.0,30.0,4.75,10.0
2025-07-12 00:50:00,South,太陽能(Solar),0.0,27.0,5.5,11.0,30.0,4.75,10.0
2025-07-12 01:00:00,South,太陽能(Solar),0.0,27.0,5.5,11.0,30.0,4.75,10.0
2025-07-12 01:10:00,South,太陽能(Solar),0.0,27.0,5.5,11.0,30.0,4.75,10.0
2025-07-12 01:20:00,South,太陽能(Solar),0.0,27.0,5.5,11.0,30.0,4.75,10.0
2025-07-12 01:30:00,South,太陽能(Solar),0.0,27.0,5.5,11.0,30.0,4.75,10.0
2025-07-12 01:40:00,South,太陽能(Solar),0.0,27.0,5.5,11.0,30.0,4.75,10.0
2025-07-12 01:50:00,South,太陽能(Solar),0.0,27.0,5.5,11.0,30.0,4.75,10.0
2025-07-12 02:00:00,South,太陽能(Solar),0.0,27.0,5.5,11.0,30.0,4.75,10.0
2025-07-12 02:10:00,South,太陽能(Solar),0.0,27.0,5.5,11.0,30.0,4.75,10.0
2025-07-12 02:20:00,South,太陽能(Solar),0.0,27.0,5.5,11.0,30.0,4.75,10.0
2025-07-12 02:30:00,South,太陽能(Solar),0.0,27.0,5.5,11.0,30.0,4.75,10.0
2025-07-12 02:40:00,South,太陽能(Solar),0.0,27.0,5.5,11.0,30.0,4.75,10.0
2025-07-12 02:50:00,South,太陽能(Solar),0.0,27.0,5.5,11.0,30.0,4.75,10.0
2025-07-12 03:00:00,South,太陽能(Solar),0.0,27.0,5.5,11.0,30.0,4.75,10.0
2025-07-12 03:10:00,South,太陽能(Solar),0.0,27.0,5.5,11.0,30.0,4.75,10.0
2025-07-12 03:20:00,South,太陽能(Solar),0.0,27.0,5.5,11.0,30.0,4.75,10.0
2025-07-12 03:30:00,South,太陽能(Solar),0.0,27.0,5.5,11.0,30.0,4.75,10.0
2025-07-12 03:40:00,South,太陽能(Solar),0.0,27.0,5.5,11.0,30.0,4.75,10.0
2025-07-12 03:50:00,South,太陽能(Solar),0.0,27.0,5.5,11.0,30.0,4.75,10.0
2025-07-12 04:00:00,South,太陽能(Solar),0.0,27.0,5.5,11.0,30.0,4.75,10.0
2025-07-12 04:10:00,South,太陽能(Solar),0.0,27.0,5.5,11.0,30.0,4.75,10.0
2025-07-12 04:20:00,South,太陽能(Solar),0.0,27.0,5.5,11.0,30.0,4.75,10.0
2025-07-12 04:30:00,South,太陽能(Solar),0.0,27.0,5.5,11.0,30.0,4.75,10.0
2025-07-12 04:40:00,South,太陽能(Solar),0.0,27.0,5.5,11.0,30.0,4.75,10.0
2025-07-12 04:50:00,South,太陽能(Solar),0.0,27.0,5.5,11.0,30.0,4.75,10.0
2025-07-12 05:00:00,South,太陽能(Solar),17.08,27.0,5.5,11.0,30.0,4.75,10.0
2025-07-12 05:10:00,South,太陽能(Solar),17.084999999999997,27.0,5.5,11.0,30.0,4.75,10.0
2025-07-12 05:20:00,South,太陽能(Solar),17.08,27.0,5.5,11.0,30.0,4.75,10.0
2025-07-12 05:30:00,South,太陽能(Solar),17.282,27.0,5.5,11.0,30.0,4.75,10.0
2025-07-12 05:40:00,South,太陽能(Solar),24.552,27.0,5.5,11.0,30.0,4.75,10.0
2025-07-12 05:50:00,South,太陽能(Solar),30.526,27.0,5.5,11.0,30.0,4.75,10.0
2025-07-12 06:00:00,South,太陽能(Solar),39.756,30.0,4.75,10.0,27.75,3.0,4.0
2025-07-12 06:10:00,South,太陽能(Solar),52.89,30.0,4.75,10.0,27.75,3.0,4.0
2025-07-12 06:20:00,South,太陽能(Solar),65.738,30.0,4.75,10.0,27.75,3.0,4.0
2025-07-12 06:30:00,South,太陽能(Solar),84.396,30.0,4.75,10.0,27.75,3.0,4.0
2025-07-12 06:40:00,South,太陽能(Solar),105.263,30.0,4.75,10.0,27.75,3.0,4.0
2025-07-12 06:50:00,South,太陽能(Solar),154.824,30.0,4.75,10.0,27.75,3.0,4.0
2025-07-12 07:00:00,South,太陽能(Solar),203.73,30.0,4.75,10.0,27.75,3.0,4.0
2025-07-12 07:10:00,South,太陽能(Solar),207.884,30.0,4.75,10.0,27.75,3.0,4.0
2025-07-12 07:20:00,South,太陽能(Solar),241.568,30.0,4.75,10.0,27.75,3.0,4.0
2025-07-12 07:30:00,South,太陽能(Solar),292.926,30.0,4.75,10.0,27.75,3.0,4.0
2025-07-12 07:40:00,South,太陽能(Solar),319.922,30.0,4.75,10.0,27.75,3.0,4.0
2025-07-12 07:50:00,South,太陽能(Solar),330.476,30.0,4.75,10.0,27.75,3.0,4.0
2025-07-12 08:00:00,South,太陽能(Solar),375.782,30.0,4.75,10.0,27.75,3.0,4.0
2025-07-12 08:10:00,South,太陽能(Solar),407.082,30.0,4.75,10.0,27.75,3.0,4.0
2025-07-12 08:20:00,South,太陽能(Solar),445.6,30.0,4.75,10.0,27.75,3.0,4.0
2025-07-12 08:30:00,South,太陽能(Solar),496.544,30.0,4.75,10.0,27.75,3.0,4.0
2025-07-12 08:40:00,South,太陽能(Solar),521.25,30.0,4.75,10.0,27.75,3.0,4.0
2025-07-12 08:50:00,South,太陽能(Solar),521.25,30.0,4.75,10.0,27.75,3.0,4.0
2025-07-12 09:00:00,South,太陽能(Solar),531.826,30.0,4.75,10.0,27.75,3.0,4.0
2025-07-12 09:10:00,South,太陽能(Solar),552.561,30.0,4.75,10.0,27.75,3.0,4.0
2025-07-12 09:20:00,South,太陽能(Solar),567.196,30.0,4.75,10.0,27.75,3.0,4.0
2025-07-12 09:30:00,South,太陽能(Solar),575.2149999999999,30.0,4.75,10.0,27.75,3.0,4.0
2025-07-12 09:40:00,South,太陽能(Solar),576.947,30.0,4.75,10.0,27.75,3.0,4.0
2025-07-12 09:50:00,South,太陽能(Solar),620.874,30.0,4.75,10.0,27.75,3.0,4.0
2025-07-12 10:00:00,South,太陽能(Solar),636.7819999999999,30.0,4.75,10.0,27.75,3.0,4.0
2025-07-12 10:10:00,South,太陽能(Solar),652.13,30.0,4.75,10.0,27.75,3.0,4.0
2025-07-12 10:20:00,South,太陽能(Solar),712.973,30.0,4.75,10.0,27.75,3.0,4.0
2025-07-12 10:30:00,South,太陽能(Solar),736.743,30.0,4.75,10.0,27.75,3.0,4.0
2025-07-12 10:40:00,South,太陽能(Solar),745.298,30.0,4.75,10.0,27.75,3.0,4.0
2025-07-12 10:50:00,South,太陽能(Solar),726.832,30.0,4.75,10.0,27.75,3.0,4.0
2025-07-12 11:00:00,South,太陽能(Solar),770.948,30.0,4.75,10.0,27.75,3.0,4.0
2025-07-12 11:10:00,South,太陽能(Solar),720.6809999999999,30.0,4.75,10.0,27.75,3.0,4.0
2025-07-12 11:20:00,South,太陽能(Solar),740.993,30.0,4.75,10.0,27.75,3.0,4.0
2025-07-12 11:30:00,South,太陽能(Solar),680.8149999999999,30.0,4.75,10.0,27.75,3.0,4.0
2025-07-12 11:40:00,South,太陽能(Solar),673.451,30.0,4.75,10.0,27.75,3.0,4.0
2025-07-12 11:50:00,South,太陽能(Solar),691.868,30.0,4.75,10.0,27.75,3.0,4.0
2025-07-12 12:00:00,South,太陽能(Solar),670.898,31.0,5.0,6.0,27.75,4.0,4.0
2025-07-12 12:10:00,South,太陽能(Solar),641.004,31.0,5.0,6.0,27.75,4.0,4.0
2025-07-12 12:20:00,South,太陽能(Solar),684.768,31.0,5.0,6.0,27.75,4.0,4.0
2025-07-12 12:30:00,South,太陽能(Solar),680.123,31.0,5.0,6.0,27.75,4.0,4.0
2025-07-12 12:40:00,South,太陽能(Solar),703.875,31.0,5.0,6.0,27.75,4.0,4.0
2025-07-12 12:50:00,South,太陽能(Solar),676.691,31.0,5.0,6.0,27.75,4.0,4.0
2025-07-12 13:00:00,South,太陽能(Solar),755.443,31.0,5.0,6.0,27.75,4.0,4.0
2025-07-12 13:10:00,South,太陽能(Solar),750.83,31.0,5.0,6.0,27.75,4.0,4.0
2025-07-12 13:20:00,South,太陽能(Solar),741.9159999999999,31.0,5.0,6.0,27.75,4.0,4.0
2025-07-12 13:30:00,South,太陽能(Solar),734.61,31.0,5.0,6.0,27.75,4.0,4.0
2025-07-12 13:40:00,South,太陽能(Solar),667.344,31.0,5.0,6.0,27.75,4.0,4.0
2025-07-12 13:50:00,South,太陽能(Solar),662.586,31.0,5.0,6.0,27.75,4.0,4.0
2025-07-12 14:00:00,South,太陽能(Solar),653.991,31.0,5.0,6.0,27.75,4.0,4.0
2025-07-12 14:10:00,South,太陽能(Solar),642.682,31.0,5.0,6.0,27.75,4.0,4.0
2025-07-12 14:20:00,South,太陽能(Solar),611.177,31.0,5.0,6.0,27.75,4.0,4.0
2025-07-12 14:30:00,South,太陽能(Solar),560.258,31.0,5.0,6.0,27.75,4.0,4.0
2025-07-12 14:40:00,South,太陽能(Solar),520.721,31.0,5.0,6.0,27.75,4.0,4.0
2025-07-12 14:50:00,South,太陽能(Solar),533.519,31.0,5.0,6.0,27.75,4.0,4.0
2025-07-12 15:00:00,South,太陽能(Solar),601.431,31.0,5.0,6.0,27.75,4.0,4.0
2025-07-12 15:10:00,South,太陽能(Solar),592.838,31.0,5.0,6.0,27.75,4.0,4.0
2025-07-12 15:20:00,South,太陽能(Solar),572.445,31.0,5.0,6.0,27.75,4.0,4.0
2025-07-12 15:30:00,South,太陽能(Solar),563.465,31.0,5.0,6.0,27.75,4.0,4.0
2025-07-12 15:40:00,South,太陽能(Solar),476.385,31.0,5.0,6.0,27.75,4.0,4.0
2025-07-12 15:50:00,South,太陽能(Solar),442.112,31.0,5.0,6.0,27.75,4.0,4.0
2025-07-12 16:00:00,South,太陽能(Solar),406.83,31.0,5.0,6.0,27.75,4.0,4.0
2025-07-12 16:10:00,South,太陽能(Solar),365.976,31.0,5.0,6.0,27.75,4.0,4.0
2025-07-12 16:20:00,South,太陽能(Solar),301.72,31.0,5.0,6.0,27.75,4.0,4.0
2025-07-12 16:30:00,South,太陽能(Solar),297.218,31.0,5.0,6.0,27.75,4.0,4.0
2025-07-12 16:40:00,South,太陽能(Solar),251.245,31.0,5.0,6.0,27.75,4.0,4.0
2025-07-12 16:50:00,South,太陽能(Solar),261.772,31.0,5.0,6.0,27.75,4.0,4.0
2025-07-12 17:00:00,South,太陽能(Solar),246.988,31.0,5.0,6.0,27.75,4.0,4.0
2025-07-12 17:10:00,South,太陽能(Solar),237.316,31.0,5.0,6.0,27.75,4.0,4.0
2025-07-12 17:20:00,South,太陽能(Solar),189.606,31.0,5.0,6.0,27.75,4.0,4.0
2025-07-12 17:30:00,South,太陽能(Solar),164.134,31.0,5.0,6.0,27.75,4.0,4.0
2025-07-12 17:40:00,South,太陽能(Solar),146.991,31.0,5.0,6.0,27.75,4.0,4.0
2025-07-12 17:50:00,South,太陽能(Solar),103.979,31.0,5.0,6.0,27.75,4.0,4.0
2025-07-12 18:00:00,South,太陽能(Solar),78.917,27.75,4.0,3.0,30.0,4.5,3.0
2025-07-12 18:10:00,South,太陽能(Solar),60.11,27.75,4.0,3.0,30.0,4.5,3.0
2025-07-12 18:20:00,South,太陽能(Solar),48.728,27.75,4.0,3.0,30.0,4.5,3.0
2025-07-12 18:30:00,South,太陽能(Solar),34.902,27.75,4.0,3.0,30.0,4.5,3.0
2025-07-12 18:40:00,South,太陽能(Solar),21.618,27.75,4.0,3.0,30.0,4.5,3.0
2025-07-12 18:50:00,South,太陽能(Solar),19.04,27.75,4.0,3.0,30.0,4.5,3.0
2025-07-12 19:00:00,South,太陽能(Solar),0.0,27.75,4.0,3.0,30.0,4.5,3.0
2025-07-12 19:10:00,South,太陽能(Solar),0.0,27.75,4.0,3.0,30.0,4.5,3.0
2025-07-12 19:20:00,South,太陽能(Solar),0.0,27.75,4.0,3.0,30.0,4.5,3.0
2025-07-12 19:30:00,South,太陽能(Solar),0.0,27.75,4.0,3.0,30.0,4.5,3.0
2025-07-12 19:40:00,South,太陽能(Solar),0.0,27.75,4.0,3.0,30.0,4.5,3.0
2025-07-12 19:50:00,South,太陽能(Solar),0.0,27.75,4.0,3.0,30.0,4.5,3.0
2025-07-12 20:00:00,South,太陽能(Solar),0.0,27.75,4.0,3.0,30.0,4.5,3.0
2025-07-12 20:10:00,South,太陽能(Solar),0.0,27.75,4.0,3.0,30.0,4.5,3.0
2025-07-12 20:20:00,South,太陽能(Solar),0.0,27.75,4.0,3.0,30.0,4.5,3.0
2025-07-12 20:30:00,South,太陽能(Solar),0.0,27.75,4.0,3.0,30.0,4.5,3.0
2025-07-12 20:40:00,South,太陽能(Solar),0.0,27.75,4.0,3.0,30.0,4.5,3.0
2025-07-12 20:50:00,South,太陽能(Solar),0.0,27.75,4.0,3.0,30.0,4.5,3.0
2025-07-12 21:00:00,South,太陽能(Solar),0.0,27.75,4.0,3.0,30.0,4.5,3.0
2025-07-12 21:10:00,South,太陽能(Solar),0.0,27.75,4.0,3.0,30.0,4.5,3.0
2025-07-12 21:20:00,South,太陽能(Solar),0.0,27.75,4.0,3.0,30.0,4.5,3.0
2025-07-12 21:30:00,South,太陽能(Solar),0.0,27.75,4.0,3.0,30.0,4.5,3.0
2025-07-12 21:40:00,South,太陽能(Solar),0.0,27.75,4.0,3.0,30.0,4.5,3.0
2025-07-12 21:50:00,South,太陽能(Solar),0.0,27.75,4.0,3.0,30.0,4.5,3.0
2025-07-12 22:00:00,South,太陽能(Solar),0.0,27.75,4.0,3.0,30.0,4.5,3.0
2025-07-12 22:10:00,South,太陽能(Solar),0.0,27.75,4.0,3.0,30.0,4.5,3.0
2025-07-12 22:20:00,South,太陽能(Solar),0.0,27.75,4.0,3.0,30.0,4.5,3.0
2025-07-12 22:30:00,South,太陽能(Solar),0.0,27.75,4.0,3.0,30.0,4.5,3.0
2025-07-12 22:40:00,South,太陽能(Solar),0.0,27.75,4.0,3.0,30.0,4.5,3.0
2025-07-12 22:50:00,South,太陽能(Solar),0.0,27.75,4.0,3.0,30.0,4.5,3.0
2025-07-12 23:00:00,South,太陽能(Solar),0.0,27.75,4.0,3.0,30.0,4.5,3.0
2025-07-12 23:10:00,South,太陽能(Solar),0.0,27.75,4.0,3.0,30.0,4.5,3.0
2025-07-12 23:20:00,South,太陽能(Solar),0.0,27.75,4.0,3.0,30.0,4.5,3.0
2025-07-12 23:30:00,South,太陽能(Solar),0.0,27.75,4.0,3.0,30.0,4.5,3.0
2025-07-12 23:40:00,South,太陽能(Solar),0.0,27.75,4.0,3.0,30.0,4.5,3.0
2025-07-12 23:50:00,South,太陽能(Solar),0.0,27.75,4.0,3.0,30.0,4.5,3.0
2025-07-13 00:00:00,South,太陽能(Solar),0.0,27.25,3.0,3.0,30.0,4.5,3.0
2025-07-13 00:10:00,South,太陽能(Solar),0.0,27.25,3.0,3.0,30.0,4.5,3.0
2025-07-13 00:20:00,South,太陽能(Solar),0.0,27.25,3.0,3.0,30.0,4.5,3.0
2025-07-13 00:30:00,South,太陽能(Solar),0.0,27.25,3.0,3.0,30.0,4.5,3.0
2025-07-13 00:40:00,South,太陽能(Solar),0.0,27.25,3.0,3.0,30.0,4.5,3.0
2025-07-13 00:50:00,South,太陽能(Solar),0.0,27.25,3.0,3.0,30.0,4.5,3.0
2025-07-13 01:00:00,South,太陽能(Solar),0.0,27.25,3.0,3.0,30.0,4.5,3.0
2025-07-13 01:10:00,South,太陽能(Solar),0.0,27.25,3.0,3.0,30.0,4.5,3.0
2025-07-13 01:20:00,South,太陽能(Solar),0.0,27.25,3.0,3.0,30.0,4.5,3.0
2025-07-13 01:30:00,South,太陽能(Solar),0.0,27.25,3.0,3.0,30.0,4.5,3.0
2025-07-13 01:40:00,South,太陽能(Solar),0.0,27.25,3.0,3.0,30.0,4.5,3.0
2025-07-13 01:50:00,South,太陽能(Solar),0.0,27.25,3.0,3.0,30.0,4.5,3.0
2025-07-13 02:00:00,South,太陽能(Solar),0.0,27.25,3.0,3.0,30.0,4.5,3.0
2025-07-13 02:10:00,South,太陽能(Solar),0.0,27.25,3.0,3.0,30.0,4.5,3.0
2025-07-13 02:20:00,South,太陽能(Solar),0.0,27.25,3.0,3.0,30.0,4.5,3.0
2025-07-13 02:30:00,South,太陽能(Solar),0.0,27.25,3.0,3.0,30.0,4.5,3.0
2025-07-13 02:40:00,South,太陽能(Solar),0.0,27.25,3.0,3.0,30.0,4.5,3.0
2025-07-13 02:50:00,South,太陽能(Solar),0.0,27.25,3.0,3.0,30.0,4.5,3.0
2025-07-13 03:00:00,South,太陽能(Solar),0.0,27.25,3.0,3.0,30.0,4.5,3.0
2025-07-13 03:10:00,South,太陽能(Solar),0.0,27.25,3.0,3.0,30.0,4.5,3.0
2025-07-13 03:20:00,South,太陽能(Solar),0.0,27.25,3.0,3.0,30.0,4.5,3.0
2025-07-13 03:30:00,South,太陽能(Solar),0.0,27.25,3.0,3.0,30.0,4.5,3.0
2025-07-13 03:40:00,South,太陽能(Solar),0.0,27.25,3.0,3.0,30.0,4.5,3.0
2025-07-13 03:50:00,South,太陽能(Solar),0.0,27.25,3.0,3.0,30.0,4.5,3.0
2025-07-13 04:00:00,South,太陽能(Solar),0.0,27.25,3.0,3.0,30.0,4.5,3.0
2025-07-13 04:10:00,South,太陽能(Solar),0.0,27.25,3.0,3.0,30.0,4.5,3.0
2025-07-13 04:20:00,South,太陽能(Solar),0.0,27.25,3.0,3.0,30.0,4.5,3.0
2025-07-13 04:30:00,South,太陽能(Solar),0.0,27.25,3.0,3.0,30.0,4.5,3.0
2025-07-13 04:40:00,South,太陽能(Solar),0.0,27.25,3.0,3.0,30.0,4.5,3.0
2025-07-13 04:50:00,South,太陽能(Solar),0.0,27.25,3.0,3.0,30.0,4.5,3.0
2025-07-13 05:00:00,South,太陽能(Solar),17.142,27.25,3.0,3.0,30.0,4.5,3.0
2025-07-13 05:10:00,South,太陽能(Solar),17.142,27.25,3.0,3.0,30.0,4.5,3.0
2025-07-13 05:20:00,South,太陽能(Solar),17.142,27.25,3.0,3.0,30.0,4.5,3.0
2025-07-13 05:30:00,South,太陽能(Solar),17.08,27.25,3.0,3.0,30.0,4.5,3.0
2025-07-13 05:40:00,South,太陽能(Solar),24.23,27.25,3.0,3.0,30.0,4.5,3.0
2025-07-13 05:50:00,South,太陽能(Solar),40.966,27.25,3.0,3.0,30.0,4.5,3.0
2025-07-13 06:00:00,South,太陽能(Solar),65.216,30.0,4.5,3.0,27.75,4.0,8.0
2025-07-13 06:10:00,South,太陽能(Solar),81.704,30.0,4.5,3.0,27.75,4.0,8.0
2025-07-13 06:20:00,South,太陽能(Solar),90.38,30.0,4.5,3.0,27.75,4.0,8.0
2025-07-13 06:30:00,South,太陽能(Solar),137.856,30.0,4.5,3.0,27.75,4.0,8.0
2025-07-13 06:40:00,South,太陽能(Solar),164.839,30.0,4.5,3.0,27.75,4.0,8.0
2025-07-13 06:50:00,South,太陽能(Solar),198.24,30.0,4.5,3.0,27.75,4.0,8.0
2025-07-13 07:00:00,South,太陽能(Solar),216.662,30.0,4.5,3.0,27.75,4.0,8.0
2025-07-13 07:10:00,South,太陽能(Solar),238.953,30.0,4.5,3.0,27.75,4.0,8.0
2025-07-13 07:20:00,South,太陽能(Solar),240.358,30.0,4.5,3.0,27.75,4.0,8.0
2025-07-13 07:30:00,South,太陽能(Solar),261.973,30.0,4.5,3.0,27.75,4.0,8.0
2025-07-13 07:40:00,South,太陽能(Solar),314.4,30.0,4.5,3.0,27.75,4.0,8.0
2025-07-13 07:50:00,South,太陽能(Solar),326.084,30.0,4.5,3.0,27.75,4.0,8.0
2025-07-13 08:00:00,South,太陽能(Solar),348.262,30.0,4.5,3.0,27.75,4.0,8.0
2025-07-13 08:10:00,South,太陽能(Solar),334.705,30.0,4.5,3.0,27.75,4.0,8.0
2025-07-13 08:20:00,South,太陽能(Solar),369.971,30.0,4.5,3.0,27.75,4.0,8.0
2025-07-13 08:30:00,South,太陽能(Solar),426.144,30.0,4.5,3.0,27.75,4.0,8.0
2025-07-13 08:40:00,South,太陽能(Solar),426.144,30.0,4.5,3.0,27.75,4.0,8.0
2025-07-13 08:50:00,South,太陽能(Solar),479.491,30.0,4.5,3.0,27.75,4.0,8.0
2025-07-13 09:00:00,South,太陽能(Solar),419.214,30.0,4.5,3.0,27.75,4.0,8.0
2025-07-13 09:10:00,South,太陽能(Solar),421.766,30.0,4.5,3.0,27.75,4.0,8.0
2025-07-13 09:20:00,South,太陽能(Solar),417.485,30.0,4.5,3.0,27.75,4.0,8.0
2025-07-13 09:30:00,South,太陽能(Solar),441.88,30.0,4.5,3.0,27.75,4.0,8.0
2025-07-13 09:40:00,South,太陽能(Solar),515.808,30.0,4.5,3.0,27.75,4.0,8.0
2025-07-13 09:50:00,South,太陽能(Solar),555.408,30.0,4.5,3.0,27.75,4.0,8.0
2025-07-13 10:00:00,South,太陽能(Solar),697.741,30.0,4.5,3.0,27.75,4.0,8.0
2025-07-13 10:10:00,South,太陽能(Solar),731.81,30.0,4.5,3.0,27.75,4.0,8.0
2025-07-13 10:20:00,South,太陽能(Solar),740.501,30.0,4.5,3.0,27.75,4.0,8.0
2025-07-13 10:30:00,South,太陽能(Solar),773.668,30.0,4.5,3.0,27.75,4.0,8.0
2025-07-13 10:40:00,South,太陽能(Solar),816.48,30.0,4.5,3.0,27.75,4.0,8.0
2025-07-13 10:50:00,South,太陽能(Solar),796.177,30.0,4.5,3.0,27.75,4.0,8.0
2025-07-13 11:00:00,South,太陽能(Solar),826.416,30.0,4.5,3.0,27.75,4.0,8.0
2025-07-13 11:10:00,South,太陽能(Solar),841.617,30.0,4.5,3.0,27.75,4.0,8.0
2025-07-13 11:20:00,South,太陽能(Solar),812.221,30.0,4.5,3.0,27.75,4.0,8.0
2025-07-13 11:30:00,South,太陽能(Solar),769.41,30.0,4.5,3.0,27.75,4.0,8.0
2025-07-13 11:40:00,South,太陽能(Solar),775.01,30.0,4.5,3.0,27.75,4.0,8.0
2025-07-13 11:50:00,South,太陽能(Solar),805.328,30.0,4.5,3.0,27.75,4.0,8.0
2025-07-13 12:00:00,South,太陽能(Solar),794.691,30.75,5.0,6.0,27.75,4.25,2.0
2025-07-13 12:10:00,South,太陽能(Solar),843.586,30.75,5.0,6.0,27.75,4.25,2.0
